[
  {
    "name":"Karoonakar Jaiswal",
    "jobTitle":"Technical Manager",
    "company":"SG",
    "address":"Varanasi",
	"shortname":"kk",
	"empId":"1",
	"details":"Employee of SG"
  },
  {
    "name":"Bhupendra Singh",
    "jobTitle":"Technical Manager",
    "company":"SG",
    "address":"Agara",
	"shortname":"bb",
	"empId":"2",
	"details":"Employee of SG"
  },
  {
    "name":"Mudit Dixit",
    "jobTitle":"Sr. Tech Lead",
    "company":"SG",
    "address":"Janshi",
	"shortname":"md",
	"empId":"3",
	"details":"Employee of SG"
  },
  {
    "name":"Ankur Jain",
    "jobTitle":"Sr. Tech Lead",
    "company":"SG",
    "address":"Indore",
	"shortname":"aj",
	"empId":"4",
	"details":"Employee of SG"
  },
  {
    "name":"Manoj Chitagupi",
    "jobTitle":"Sr. Software Engineer",
    "company":"SG",
    "address":"Bangalore",
	"shortname":"mc",
	"empId":"5",
	"details":"Employee of SG"
  },
  {
    "name":"Komal",
    "jobTitle":"Business Analyst",
    "company":"SG",
    "address":"Bangalore",
	"shortname":"kS",
	"empId":"6",
	"details":"Employee of SG"
  },
  {
    "name":"Shrinivas",
    "jobTitle":"Technical Manager",
    "company":"SG",
    "address":"Mangalore",
	"shortname":"sb",
	"empId":"7",
	"details":"Employee of SG"
  },
  {
    "name":"Anil Jha",
    "jobTitle":"Sr. Software Engineer",
    "company":"SG",
    "address":"Kolkata",
	"shortname":"ajha",
	"empId":"8",
	"details":"Employee of SG"
  }
]